"","name","class_primary","total_mins_played","season","kills_per_minute","kills_per_death","ka_d","damage_per_minute","heals_per_minute","damage_per_heal","caps_per_minute","deaths_per_minute","dt_per_minute","dt_per_heal","damage_per_dt"
"1","campbell","demoman",119.383333333333,20,0.594722881474243,1.07575757575758,1.5,295.803434315231,307.820646488063,3.25744857485472,0.142398436409326,0.552840988412676,290.936758341477,3.20385573286597,1.01672760775055
"2","deft","demoman",415.133333333333,20,0.804560783683957,1.85555555555556,2.52222222222222,301.748835715433,293.354063546322,3.95260633598384,0.279428296129758,0.433595631925486,209.954231572186,2.75018932222643,1.43721245080829
"3","durc","demoman",339.933333333333,20,0.600117670131398,1.14606741573034,1.64044943820225,309.325357913316,308.998009419322,3.36275544468963,0.123553637968229,0.523632084722495,282.017062169053,3.06587994499344,1.09683206942952
"4","enrith","demoman",279.85,20,0.775415401107736,1.77868852459016,2.52459016393443,337.541540110774,308.861530883188,3.6749533146592,0.278720743255315,0.435947829194211,279.431838484903,3.04228913787737,1.20795662348623
"5","redcoat","demoman",419.933333333333,20,0.771551039847595,1.64467005076142,2.35532994923858,292.605969201461,299.184893026114,3.56087170718985,0.176218447372599,0.469122082870297,236.466105731068,2.87767699307387,1.23741188318228
"6","signedunknown","demoman",169.183333333333,20,0.626539257216038,0.861788617886179,1.09756097560976,279.797064328638,297.32756582982,3.48373564910215,0.141857945030046,0.727021968278987,273.265688109546,3.40241389461289,1.0239011939782
"7","TheWiggin","demoman",337.85,20,0.50614177889596,0.766816143497758,1.12107623318386,245.540920526861,280.937144658502,3.84108904014446,0.177593606630161,0.660056237975433,240.654136451088,3.76464323748669,1.02030625422791
"8","Yop.","demoman",198.216666666667,20,0.534768351130917,0.87603305785124,1.17355371900826,244.52030606239,274.131639834091,4.28086910439852,0.126124611115782,0.610443117800387,250.579332380392,4.38694576929871,0.975819927922849
"9","deft","demoman",324.1,19,0.842332613390929,2.02222222222222,2.6962962962963,306.960814563406,310.338459861262,3.28911958210732,0.188213514347424,0.416538105522987,244.637457574823,2.62131781664297,1.25475803095085
"10","durc","demoman",391.3,19,0.59545106056734,1.28021978021978,1.74725274725275,291.009455660618,305.085415652972,3.30418129588254,0.117556861742908,0.465116279069767,250.373115256836,2.84278791747671,1.16230313051821
"11","enrith","demoman",510.833333333333,19,0.628384991843393,1.62121212121212,2.28787878787879,318.111582381729,324.427007844308,2.96152794736746,0.156606851549755,0.387601957585644,262.324306688418,2.44216434910973,1.21266529357333
"12","Moop","demoman",462.25,19,0.579772850189291,1.14529914529915,1.66239316239316,316.367766360195,322.293018218065,3.00499321908519,0.170903190914008,0.506219578150352,308.806922660898,2.9331771668105,1.0244840485898
"13","Paulsen","demoman",361.066666666667,19,0.695162481536189,1.84558823529412,2.75735294117647,329.93076070901,354.571410146953,2.39846581299831,0.290805022156573,0.376661742983752,277.56923929099,2.01781831360232,1.18864309875176
"14","redcoat","demoman",252.65,19,0.696615871759351,1.20547945205479,1.50684931506849,338.052641994855,308.003816155814,3.71521162295011,0.0752028497922027,0.577874529982189,291.711854343954,3.20592457262169,1.15885808876406
"15","Sean","demoman",205.066666666667,19,0.61443433029909,0.893617021276596,1.15602836879433,262.534135240572,307.938853910363,2.8873216775716,0.136540962288687,0.687581274382315,307.929128738622,3.38657084629411,0.852579735850252
"16","blank","demoman",303.6,18,0.632411067193676,1.24675324675325,1.62337662337662,278.610013175231,287.381232407838,3.95927728889721,0.138339920948617,0.507246376811594,251.943346508564,3.58032203707171,1.10584390116355
"17","deft","demoman",733.633333333333,18,0.744240992321323,1.65454545454545,2.24848484848485,298.451542550775,304.442922526104,3.41358236412959,0.158117133899768,0.44981598437003,237.630969148985,2.71793832434286,1.25594548395608
"18","durc","demoman",696.8,18,0.717566016073479,1.29533678756477,1.84974093264249,334.45177956372,307.727021703984,3.68685334598956,0.186567164179104,0.553960964408726,266.486796785304,2.93763644992881,1.25504071345483
"19","enrith","demoman",648,18,0.861111111111111,1.92413793103448,2.88275862068966,366.191358024691,300.969116075432,4.36166458348651,0.228395061728395,0.447530864197531,253.04012345679,3.01393279905889,1.44716716472525
"20","modus","demoman",305.433333333333,18,0.654807377496453,1.35135135135135,1.94594594594595,306.587362217614,302.176573469164,3.59995386744579,0.163701844374113,0.484557459347375,255.892175051839,3.00469014301092,1.19811151769493
"21","Moop","demoman",820.433333333333,18,0.633811400479421,1.16591928251121,1.74439461883408,316.652175679519,317.417802732538,3.1537340973099,0.175517003209686,0.543615162718888,288.106285296388,2.86942798873458,1.09908110943767
"22","Paulsen","demoman",455.133333333333,18,0.777794053024755,1.25531914893617,1.74468085106383,335.492895854695,318.652870847244,3.30077821011673,0.175772667350227,0.61959865240955,302.140032224989,2.97263294422828,1.11038876041712
"23","redcoat","demoman",685.933333333333,18,0.638546020021382,1.23033707865169,1.76966292134831,265.331907862766,290.147713258808,3.62795518877327,0.189522791330547,0.519000874720575,219.968898823987,3.00769445441135,1.20622464939954
"24","TheWiggin","demoman",568.533333333333,18,0.365853658536585,0.502415458937198,0.816425120772947,221.010787992495,272.55524340038,3.97909937298119,0.102016885553471,0.728189493433396,253.979831144465,4.57267718031541,0.870190309980886
"25","bulk","demoman",146.4,17,0.573770491803279,0.848484848484849,1.17171717171717,305.655737704918,279.314238520281,4.90604100427585,0.129781420765027,0.676229508196721,305.30737704918,4.9004495121149,1.00114101617558
"26","durc","demoman",212.433333333333,17,0.65903028401067,1.04477611940298,1.49253731343284,346.649929389612,294.052966152822,4.49957228400342,0.178879648517182,0.630786128981641,300.866154087557,3.90529145790053,1.15217323278155
"27","enrith","demoman",365.366666666667,17,0.714350880394125,2.088,3.128,324.186661800931,296.710346205602,4.06768776400288,0.246327889791077,0.342122069154274,225.236748471855,2.82612727085408,1.4393151384062
"28","Moop","demoman",323.816666666667,17,0.614545267383808,1.05851063829787,1.47872340425532,315.900972772659,310.281150904366,3.38699423879213,0.176025528848628,0.580575428483195,302.67435277163,3.24518243824912,1.04369917662303
"29","Sean","demoman",204.633333333333,17,0.400716729108975,0.491017964071856,0.778443113772455,241.778791334094,292.312863498807,3.21085080147965,0.161264049519466,0.816093826356084,312.436878970516,4.14919852034525,0.773848439821694
"30","yewl","demoman",396.85,17,0.768552349754315,1.73295454545455,2.375,319.957162655915,301.132270515412,3.80358266183387,0.168829532568981,0.443492503464785,253.299735416404,3.01117335170596,1.26315632398878
"31","campbell","demoman",215.7,21,0.737134909596662,1.41964285714286,1.97321428571429,319.554937413074,349.845037399601,1.45423857546732,0.101993509503941,0.519239684747334,294.107556791841,1.33843200135027,1.08652406248522
"32","deft","demoman",408.5,21,0.702570379436965,1.36018957345972,1.90995260663507,333.143206854345,245.828035454948,2.87878916083176,0.23500611995104,0.516523867809058,291.177478580171,2.51615086836037,1.14412422443798
"33","Doge.exe has stopped working","demoman",365.916666666667,21,0.721475745843771,1.36082474226804,2.02061855670103,332.734229104987,328.578808915853,1.67646127366609,0.163971760419039,0.530175358688226,295.515372352539,1.48893631669535,1.12594558603215
"34","enrith","demoman",363.933333333333,21,0.832570067777981,1.92993630573248,2.77070063694268,356.66147646089,351.18360943102,1.61327649208283,0.233559259937718,0.431397691884961,269.634548452097,1.21963011757687,1.32275881747496
"35","Moop","demoman",328.2,21,0.658135283363803,1.11340206185567,1.64432989690722,321.102985984156,290.424584115832,2.00288880019765,0.12187690432663,0.591102985984156,293.808653260207,1.83263964118061,1.09289832828639
"36","redcoat","demoman",607.083333333333,21,0.619354838709677,1.38235294117647,2.02205882352941,301.438023335621,306.663614002441,1.7072938630045,0.135072065888813,0.448043925875086,262.062868908717,1.48427966338888,1.15025079512741
"37","TheWiggin","demoman",260.433333333333,21,0.453091002175861,0.584158415841584,0.806930693069307,240.138231153206,245.804132475559,2.07553431567768,0.119032381927557,0.775630359656982,262.332010751312,2.26735696269746,0.9153981264637
"38","adolo","demoman",542.733333333333,28,0.700159685542317,1.49019607843137,2.0156862745098,314.078737255865,317.240510993735,0.990033512025416,0.163984768455964,0.46984399950866,245.306473406215,0.773250782624857,1.28035242158394
"39","Bitler","demoman",586.75,28,0.613549211759693,1.31386861313869,1.87956204379562,293.423093310609,270.075841499787,1.08644702051531,0.170430336599915,0.466979122283767,227.02002556455,0.840578795585201,1.29249872376205
"40","Bonk","demoman",343.266666666667,28,0.763255000971062,1.42391304347826,1.94021739130435,343.948339483395,350.118469605749,0.982377021899754,0.160225286463391,0.536026412895708,284.726160419499,0.813228050322838,1.20799697146424
"41","Bread","demoman",179.466666666667,28,0.635215453194651,1.80952380952381,2.47619047619048,283.506686478455,352.522288261516,0.804223437549395,0.195022288261516,0.351040118870728,264.104754829123,0.749185976669933,1.0734630153171
"42","catfish","demoman",293.15,28,0.709534368070953,1.23076923076923,1.56804733727811,294.828586048098,324.134402183183,0.909587455272574,0.0955142418557053,0.57649667405765,298.314855875831,0.920343085666176,0.9883134555351
"43","Dajono","demoman",248.783333333333,28,0.63911033697327,1.16911764705882,1.50735294117647,285.300462249615,301.443022710525,0.946449049257274,0.152743350974744,0.546660414014872,281.321096000536,0.933247993172787,1.01414528204835
"44","Daz","demoman",328.933333333333,28,0.611066072152412,1.046875,1.59895833333333,296.585934333198,292.442237535468,1.01416928290746,0.179367653019862,0.583704904742602,266.1876773409,0.910223090837266,1.11419858836428
"45","deft","demoman",312.75,28,0.70343725019984,1.45695364238411,2.00662251655629,288.799360511591,283.968025579536,1.01701365821801,0.163069544364508,0.482813749000799,226.737010391687,0.798459650268548,1.27371953971119
"46","Eddie","demoman",404.4,28,0.56379821958457,1.29545454545455,1.78409090909091,238.724035608309,278.353115727003,0.857630190288364,0.175568743818002,0.435212660731949,215.291790306627,0.773448465788959,1.10883947440963
"47","enrith","demoman",469.7,28,0.596125186289121,1.80645161290323,2.58064516129032,301.51373216947,326.027251437088,0.924811440885493,0.136257185437513,0.329997870981478,241.63508622525,0.741149965716525,1.24780609008247
"48","frydog","demoman",270.6,28,0.694752402069475,1.13939393939394,1.55757575757576,305.912786400591,278.407243163341,1.09879607629717,0.151515151515152,0.609756097560976,258.654841093866,0.929052125781489,1.18270659503943
"49","garbo","demoman",194.7,28,0.559835644581407,0.915966386554622,1.4453781512605,262.783769902414,273.600410888546,0.960465552844002,0.215716486902928,0.611196712891628,270.539291217257,0.988811713910268,0.971333105516953
"50","huffy","demoman",366.433333333333,28,0.611298098790139,1.40880503144654,1.94339622641509,257.108159738015,258.794687528427,0.993483143697736,0.182843627763122,0.433912489766215,218.833803329391,0.845588467906064,1.17490148151843
"51","jane doe","demoman",439.85,28,0.672956689780607,1.32735426008969,1.85650224215247,320.404683414801,271.021939297488,1.18220939694151,0.134136637490053,0.506991019665795,240.472888484711,0.887282000520095,1.33239420640623
"52","K1ng","demoman",159.883333333333,28,0.831856562076514,1.25471698113208,1.61320754716981,342.762430939227,254.135306994684,1.34873990943099,0.168873136662149,0.662983425414365,280.62962576879,1.10425280567041,1.2214050102523
"53","kcaj","demoman",145.616666666667,28,0.672999885544237,1.48484848484848,1.92424242424242,282.934645759414,338.443401625272,0.835988068908143,0.185418335813208,0.453244820876731,265.374842623326,0.784104052107217,1.06616981083249
"54","Kodyn","demoman",181.566666666667,28,0.600330457132366,0.923728813559322,1.35593220338983,276.906554066459,292.333394529099,0.947228606955801,0.313934275748118,0.649899026987332,275.105562695062,0.941067862391198,1.00654654654655
"55","lerl","demoman",297.466666666667,28,0.648812191842223,1.14880952380952,1.67857142857143,319.729941730166,286.297624383684,1.11677469353248,0.171447781264007,0.564769161810847,280.87516808606,0.981060072331032,1.13833466984237
"56","luca$","demoman",440.05,28,0.665833428019543,1.70348837209302,2.37209302325581,321.961140779457,296.182252016816,1.08703725016304,0.149982956482218,0.39086467446881,244.463129189865,0.825380749606783,1.31701308842121
"57","lunar","demoman",319.65,28,0.603785390270609,1.23717948717949,1.69230769230769,293.999687157829,313.158141717504,0.938821789992108,0.1407789770061,0.488033786954482,276.902862505866,0.884226930799892,1.06174304049168
"58","memories","demoman",251.45,28,0.791409823026447,1.80909090909091,2.4,306.124478027441,311.620600517001,0.98236277550187,0.135215748657785,0.437462716245775,262.235036786638,0.841520221550085,1.16736680871715
"59","morphe","demoman",383.216666666667,28,0.613230113512808,1.175,1.76,298.786587222198,297.669725568651,1.00375201627043,0.135693471926238,0.521897968947071,258.125516461532,0.867154078126096,1.15752441416122
"60","ozy","demoman",269.216666666667,28,0.731752615613199,1.56349206349206,2.19047619047619,306.05460286015,273.530613508327,1.11890438490474,0.14486473100972,0.468024515569863,239.283105305516,0.87479460611904,1.27904810692498
"61","Paulsen","demoman",385.95,28,0.564840005182018,1.17837837837838,1.77837837837838,294.965669128125,322.785334887939,0.913813724624535,0.228008809431273,0.479336701645291,267.713434382692,0.82938536992591,1.10179629127792
"62","prankmonkey","demoman",277.083333333333,28,0.534135338345865,1.06474820143885,1.53237410071942,309.726315789474,301.086315789474,1.02869608994798,0.0793984962406015,0.501654135338346,275.657142857143,0.915541917387865,1.1235925634983
"63","redcoat","demoman",376.566666666667,28,0.690448791714614,1.65605095541401,2.26751592356688,311.302115605913,320.856864654333,0.970221148116268,0.132778613791272,0.416924847304594,240.475347437373,0.749478580414487,1.29452818728949
"64","Bitler","demoman",376.15,27,0.630067792104214,1.12857142857143,1.62380952380952,276.828392928353,284.710886614383,0.972314041869759,0.1515352917719,0.558287917054367,262.403296557225,0.921648271611855,1.0549729998075
"65","blank","demoman",225.733333333333,27,0.598050797401063,0.725806451612903,0.967741935483871,265.158003544005,238.697578263438,1.11085334620096,0.128470171293562,0.823981098641465,311.4161252215,1.30464719201217,0.851458810475554
"66","Bonk","demoman",342.216666666667,27,0.882481858471729,2.06849315068493,2.97945205479452,368.252082014318,346.870890761214,1.06164020049703,0.157794769395607,0.426630302439975,271.544343252326,0.782839812981762,1.35613976562248
"67","Daz","demoman",495.583333333333,27,0.770808811165293,1.528,2.088,335.753825458214,307.090633933076,1.09333788907214,0.181604170169834,0.504456028249538,262.843786783252,0.855915999185224,1.27738924159956
"68","deft","demoman",359.5,27,0.831710709318498,1.70857142857143,2.36,334.756606397775,294.681502086231,1.13599463837339,0.1557719054242,0.486787204450626,265.922114047288,0.902405180388529,1.25885208004268
"69","dogroll","demoman",463.666666666667,27,0.569374550682962,1.5,2.25,317.279654924515,317.631200575126,0.998893226956374,0.153127246585191,0.379583033788641,255.420560747664,0.804141911390256,1.24218525711391
"70","enrith","demoman",390.333333333333,27,0.722459436379163,1.90540540540541,2.70945945945946,339.988898377455,321.240819812126,1.05836144539879,0.171648163962425,0.379163108454313,254.195559350982,0.791292836008964,1.33750919664184
"71","Gooseman","demoman",165.35,27,0.568491079528273,0.706766917293233,0.947368421052632,307.09404293922,266.9609918355,1.15033301617507,0.127003326277593,0.804354399758089,319.135167825824,1.19543745185991,0.962269514298168
"72","maz","demoman",120.3,27,0.606816292601829,1.12307692307692,1.6,326.384039900249,327.015793848712,0.998068124046772,0.141313383208645,0.540315876974231,286.093100581879,0.874860193187595,1.14083156579597
"73","Paulsen","demoman",171.883333333333,27,0.488703578008339,0.711864406779661,1.04237288135593,310.995830505188,325.494036652768,0.955457844030958,0.162901192669446,0.686512169106952,324.074469116649,0.995638729511859,0.959643107193508
"74","prankmonkey","demoman",314.933333333333,27,0.790643522438611,1.57594936708861,2.13924050632911,368.122353937341,291.299745977985,1.26372356660126,0.155588484335309,0.501693480101609,276.423581710415,0.948931763679965,1.33173281258974
"75","quid","demoman",277.133333333333,27,0.580947798893433,0.785365853658537,1.08292682926829,270.443829684869,298.037045946596,0.907416824059276,0.101034399807554,0.73971614144816,322.920375270628,1.08349072594314,0.837493854199258
"76","redcoat","demoman",486.083333333333,27,0.777644436824961,1.67256637168142,2.35840707964602,329.494942568147,338.993313903652,0.971980652874456,0.141950968626779,0.464940853763072,282.605863192182,0.833662056451368,1.16591686685594
"77","sao","demoman",491.833333333333,27,0.817350050830227,1.64754098360656,2.26639344262295,354.227719417147,307.465943747882,1.15208765920303,0.144357844798373,0.496103015926805,281.274144357845,0.914813982092553,1.25936822321816
"78","Will","demoman",286.833333333333,27,0.585705984892504,1.29230769230769,1.80769230769231,246.097617664149,301.858221963974,0.815275515978887,0.149912841371296,0.453224869262057,230.423009877978,0.763348463324209,1.06802535820737
"79","Bonk","demoman",490.9,26,0.721124465267875,1.16447368421053,1.58552631578947,328.32145039723,309.443878590344,1.06100483193554,0.203707476064372,0.61927072723569,281.631696883276,0.910122049161982,1.16578302098327
"80","decap","demoman",652.433333333333,26,0.606958565370664,1.18562874251497,1.56287425149701,313.797578296633,320.348439176416,0.979550826292068,0.211515863689777,0.511929699075257,302.676135492771,0.944834119594653,1.03674370556422
"81","deft","demoman",746.4,26,0.786441586280815,1.75223880597015,2.36716417910448,318.337352625938,301.922561629153,1.05436755341572,0.155412647374062,0.44882100750268,245.940514469453,0.814581438175323,1.29436727134063
"82","dogroll","demoman",715.466666666667,26,0.601006336190831,1.29518072289157,1.92168674698795,341.29612374208,348.360044726053,0.979722355962125,0.145359672008945,0.464032799105479,301.053857622065,0.864203177660087,1.13367131860683
"83","drat","demoman",359.216666666667,26,0.648633600890827,1.7007299270073,2.40875912408759,301.166426947525,306.578202570408,0.982347813453436,0.16703011181738,0.381385421983019,234.966825963903,0.766417259915734,1.28174020188617
"84","enrith","demoman",1082.23333333333,26,0.629254319770844,1.56551724137931,2.24367816091954,309.979363661564,314.494101703268,0.985644442877458,0.16262666707734,0.401946591924108,261.845566267287,0.832592932106383,1.18382513815469
"85","hz","demoman",145.483333333333,26,0.536143888188796,0.896551724137931,1.27586206896552,265.666170237141,231.55229694123,1.14732686199424,0.25432466491007,0.598006644518272,266.463512429832,1.15077032683231,0.997007687148532
"86","lexx","demoman",512.25,26,0.858955588091752,1.6988416988417,2.30501930501931,337.698389458272,342.229380185456,0.986760368952751,0.183504148365056,0.505612493899463,286.065397755002,0.835887899513425,1.18049366371633
"87","Moop","demoman",275.366666666667,26,0.544728241133035,0.9375,1.225,283.01900496308,312.637695194286,0.90526193518411,0.116208691441714,0.58104345720857,289.81721341242,0.927006620978046,0.976543117058868
"88","Paulsen","demoman",530.25,26,0.714757190004715,1.25496688741722,1.84437086092715,315.492692126356,327.92456388496,0.962089232928078,0.273455917020273,0.56954266855257,294.725129655823,0.898758928468732,1.07046417282023
"89","pav","demoman",270.5,26,0.598890942698706,1.09459459459459,1.54054054054054,299.371534195933,353.456561922366,0.846982533207823,0.192236598890943,0.547134935304991,320.288354898336,0.906160443468256,0.934693783328332
"90","Pengstah","demoman",269.216666666667,26,0.456881074722962,0.763975155279503,1.18012422360248,263.304649291153,291.924719866279,0.901960784313726,0.234012257784932,0.598031325450381,270.781898099424,0.927574404193864,0.97238645248906
"91","prankmonkey","demoman",584.183333333333,26,0.676157598927277,1.68803418803419,2.35470085470085,335.348492197084,309.42341160024,1.08378512945342,0.121537188667941,0.400559185187299,243.238709309292,0.786103120159327,1.37868061029163
"92","quid","demoman",425.366666666667,26,0.493691716950082,0.84,1.152,278.089491419168,301.434056892093,0.9225549836219,0.136352950395737,0.587728234464384,318.910743672126,1.05797847449696,0.871997876951656
"93","redcoat","demoman",920.8,26,0.682015638575152,1.54299754299754,2.13267813267813,294.704604691573,298.424196350999,0.987535891174683,0.133579496090356,0.442006950477845,234.590573414422,0.786097696778255,1.25625083907764
"94","Rising","demoman",131.95,26,0.644183402804092,1.0625,1.4625,305.502084122774,302.212959454339,1.01088346665998,0.143993937097385,0.606290261462675,302.175066312997,0.999874614439401,1.01101023274478
"95","TheWiggin","demoman",247.75,26,0.419778002018163,0.547368421052632,0.842105263157895,234.466195761857,234.094853683148,1.00158628894598,0.125126135216953,0.766902119071645,268.637739656912,1.14755935651844,0.8727969348659
"96","Torque","demoman",163.266666666667,26,0.612494895875868,1.25,1.7375,282.684769293589,297.219273172724,0.951098380249763,0.189873417721519,0.489995916700694,268.732135565537,0.904154473890286,1.05192022792023
"97","Bonk","demoman",354.75,25,0.693446088794926,1.17703349282297,1.6555023923445,330.252290345314,319.523608174771,1.03357711886088,0.188865398167724,0.589147286821705,308.047921071177,0.96408501027781,1.07208089311859
"98","deft","demoman",401.283333333333,25,0.75009345018067,1.82424242424242,2.48484848484848,303.787847323171,296.254516758732,1.02542857623526,0.166964322797691,0.411180794949537,233.994268388919,0.789842028229673,1.29827046369465
"99","enrith","demoman",271.816666666667,25,0.757863756208229,1.47142857142857,2.15,361.865227788338,312.081672696057,1.1595209185538,0.198663314734196,0.515053038199767,293.536084370593,0.940574567659645,1.23277936531809
"100","jane doe","demoman",411.583333333333,25,0.646284673010731,1.6319018404908,2.37423312883436,311.256529661875,323.470338125127,0.962241333984302,0.165215630694473,0.396031585341162,247.349665924276,0.764674953994066,1.25836648494671
"101","Johnny","demoman",272.8,25,0.762463343108504,1.31645569620253,1.75316455696203,301.323313782991,286.110703812317,1.0531703629678,0.194281524926686,0.579178885630498,275.883431085044,0.96425414152285,1.09221243406279
"102","K1ng","demoman",275.416666666667,25,0.991225416036309,1.59649122807018,1.96491228070175,390.579122541604,348.130711043873,1.12193239536509,0.210590015128593,0.620877458396369,341.794856278366,0.98180035669215,1.1427296677148
"103","Mack","demoman",270.5,25,0.547134935304991,0.783068783068783,0.984126984126984,235.826247689464,230.085027726433,1.02495260130467,0.055452865064695,0.698706099815157,265.323475046211,1.15315402165879,0.888825414518601
"104","Moop","demoman",494.366666666667,25,0.568404018609669,1.09338521400778,1.5136186770428,267.168093857461,276.207942822466,0.967271582154261,0.175982738857798,0.519857056166139,245.706290877217,0.889569968069836,1.08734738904576
"105","morphe","demoman",233.65,25,0.826021827519795,2.01041666666667,2.54166666666667,365.011769741066,370.905200085598,0.984110682882924,0.136956986946287,0.410870960838862,275.407661031457,0.742528443839284,1.32535082130258
"106","prankmonkey","demoman",398.066666666667,25,0.710936191592698,1.58988764044944,2.13483146067416,322.614302461899,287.085077876403,1.1237585208131,0.113046390889298,0.447161279517669,252.600904371127,0.879881693049467,1.27717002148142
"107","redcoat","demoman",330.883333333333,25,0.903641766987357,1.96710526315789,2.50657894736842,322.584999748149,322.956731980053,0.998848972029085,0.123910743968166,0.459376416662469,239.404623986299,0.741290087122524,1.34744682194029
"108","sao","demoman",396.066666666667,25,0.984682713347921,2.04188481675393,2.69633507853403,389.99747517253,324.346911294395,1.20240847559219,0.136340683386635,0.482242046793469,296.674802221848,0.914683605396106,1.31456218139111
"109","Sessal","demoman",400.083333333333,25,0.604873984586545,1.02542372881356,1.36864406779661,283.318475317642,273.128098312851,1.03730988158208,0.107477608831493,0.589877108935638,272.983128514893,0.999469224152131,1.03786075300322
"110","TheWiggin","demoman",261.733333333333,25,0.622771268466633,0.795121951219512,1.0390243902439,259.6574121243,211.035404992359,1.23039739295736,0.152827305145186,0.783239938869078,281.523178807947,1.334009233276,0.922330492372835
"111","Trumpet","demoman",219.966666666667,25,0.691013789968177,1.25619834710744,1.95867768595041,310.592514017275,347.098045158357,0.894826457105436,0.204576450977421,0.550083345961509,305.137141991211,0.879109364767518,1.01787842669845
"112","xander","demoman",425.783333333333,25,0.490859983559713,0.893162393162393,1.3034188034188,276.793361255725,267.185188084707,1.03596072536765,0.192586213645438,0.549575292597957,262.419853603163,0.982164675685416,1.0547729428822
"113","blank","demoman",131.733333333333,24,0.675607287449393,0.898989898989899,1.23232323232323,290.754048582996,245.139170040486,1.18607747809123,0.212550607287449,0.751518218623482,308.31983805668,1.25773387421423,0.943027378373055
"114","deft","demoman",286.316666666667,24,0.729960998893998,2.09,2.96,306.24483380872,327.340357413121,0.935554773107988,0.20257290878398,0.349263635834449,231.236975376914,0.706411446496591,1.32437657649493
"115","dogroll","demoman",229.616666666667,24,0.601001669449082,1,1.43478260869565,307.725920011614,304.085069318429,1.0119731320625,0.126297452275532,0.601001669449082,290.022501270233,0.953754493505006,1.06104153527345
"116","drat","demoman",213.466666666667,24,0.665209244222361,1.37864077669903,1.92233009708738,295.381011867583,280.610555902561,1.05263685080383,0.14053716427233,0.482510930668332,249.996876951905,0.890903323817632,1.18153880748042
"117","enrith","demoman",524.666666666667,24,0.638500635324015,1.81081081081081,2.55675675675676,309.202033036849,319.435196950445,0.96796482037268,0.152477763659466,0.352604828462516,240.592757306226,0.753181739529944,1.28516766879768
"118","iven","demoman",277.283333333333,24,0.63112339965138,1.16666666666667,1.60666666666667,290.929855142153,325.652461381259,0.893375268555228,0.133437518783435,0.540962913986897,286.890665384384,0.880971893065184,1.01407919547454
"119","Johva","demoman",159.166666666667,24,0.665968586387435,1.2183908045977,1.57471264367816,299.723560209424,306.433507853403,0.978103087710666,0.157068062827225,0.546596858638744,274.165445026178,0.894697994833313,1.09322150419359
"120","K1ng","demoman",153.75,24,0.858536585365854,1.5,1.81818181818182,343.70081300813,346.920325203252,0.990719736028047,0.169105691056911,0.572357723577236,341.183739837398,0.983464256922702,1.00737747107154
"121","luca$","demoman",390.033333333333,24,0.792239979488933,1.88414634146341,2.47560975609756,323.654388513802,319.570122211777,1.01278050111117,0.146141355439706,0.420476882317751,262.139133407401,0.820286738926374,1.23466643193177
"122","modus","demoman",180.316666666667,24,0.526850910435345,0.736434108527132,0.984496124031008,293.128754968112,307.170718180978,0.954286126958908,0.122007579258712,0.715408078380627,308.435160366023,1.00411641510797,0.950373993095512
"123","ooloops","demoman",198.75,24,0.493081761006289,0.742424242424242,1.12121212121212,268.166037735849,249.021383647799,1.07687955872548,0.226415094339623,0.664150943396226,258.223899371069,1.03695472086962,1.0385020069366
"124","prankmonkey","demoman",134.483333333333,24,0.639484446647664,1.13157894736842,1.39473684210526,297.256165571942,267.03680753501,1.11316551570506,0.0223075969760813,0.565125790060726,256.269674061222,0.959679215860994,1.15993500464253
"125","redcoat","demoman",445.35,24,0.52318401257438,1.46540880503145,2,231.200179633996,310.798248568542,0.743891513864204,0.157179746266981,0.357022566520714,216.461210284046,0.696468565318537,1.06809057997324
"126","sao","demoman",381.633333333333,24,0.838501179142283,1.42222222222222,2.00888888888889,354.133112062189,315.019652371386,1.12416196702767,0.204384662415932,0.589571141584418,305.245873002009,0.96897406464707,1.16015692064691
"127","saturn","demoman",122.933333333333,24,0.593817787418655,0.973333333333333,1.32,303.473427331887,292.491865509761,1.0375448452318,0.130151843817787,0.610086767895878,304.189262472885,1.03999221292099,0.997646744217141
"128","seraph","demoman",372.15,24,0.580411124546554,1.01408450704225,1.44131455399061,304.90393658471,286.266290474271,1.0651059755571,0.150476958215773,0.572349858927852,289.203278248018,1.01025963542156,1.05428935118511
"129","Trumpet","demoman",358.316666666667,24,0.650262802921066,2.02608695652174,2.79130434782609,298.001767524071,325.491418205498,0.915544161400681,0.231638680868878,0.320945160240011,227.550118610168,0.699097137075684,1.30960937020911
"130","undrex","demoman",184.95,24,0.746147607461476,1.35294117647059,1.80392156862745,326.131386861314,309.970262233036,1.05213766156744,0.135171668018383,0.551500405515004,292.587185725872,0.943920180013606,1.11464685663599
"131","wulonggoth","demoman",195,24,0.774358974358974,1.48039215686275,1.92156862745098,329.476923076923,299.54358974359,1.09992980774169,0.215384615384615,0.523076923076923,258.65641025641,0.863501737686395,1.2738014988699
"132","deft","demoman",193.233333333333,23,0.864240124202173,2.19736842105263,2.89473684210526,309.320338105917,293.624288425047,1.05345623744228,0.124202173538037,0.39330688287045,232.837674659307,0.792978250907681,1.32848061877667
"133","Doge.exe has stopped working","demoman",354.133333333333,23,0.700301204819277,1.5796178343949,2.20382165605096,338.835655120482,307.449171686747,1.10208673928617,0.135542168674699,0.443335843373494,247.124435240964,0.803789562629732,1.37111352339599
"134","durc","demoman",409.983333333333,23,0.656124232692386,1.74675324675325,2.48051948051948,310.817512907029,323.959510549209,0.959433209354154,0.11219968291394,0.375625025407537,245.090450831335,0.756546552425123,1.26817471612113
"135","iven","demoman",339.883333333333,23,0.614916883244251,1.18079096045198,1.84180790960452,304.7428039033,314.91688324425,0.967692810762835,0.132398371990389,0.520766929828863,275.935860344236,0.876218059513243,1.10439724479133
"136","Moop","demoman",264.65,23,0.627243529189496,1.296875,1.890625,303.136217645948,329.453995843567,0.920116985892878,0.188928773852258,0.48365766106178,283.623653882486,0.860890010322285,1.06879737813245
"137","Paulsen","demoman",326.283333333333,23,0.720232926393217,1.66666666666667,2.39716312056738,314.236093374879,333.130714614088,0.943281659689958,0.202278183582776,0.43213975583593,283.612402308832,0.851354708128249,1.1079772633945
"138","quid","demoman",261.716666666667,23,0.817678150671846,1.35443037974684,1.77848101265823,320.556581544928,289.381646819079,1.10772948135629,0.0917022225052538,0.603706298159587,299.159396293702,1.03378842294285,1.07152436298614
"139","Raze","demoman",217.933333333333,23,0.683695319669624,1.21138211382114,1.52845528455285,371.306209850107,321.50198837565,1.15491108383524,0.0642398286937901,0.564392780666871,308.924747629244,0.960879741957583,1.20193093204605
"140","deft","demoman",393.566666666667,22,0.607266875582282,1.58278145695364,2.25827814569536,257.70475141865,296.841704073854,0.86815547775771,0.170237994410096,0.383670703819768,226.680782586601,0.763641966326277,1.13686192750017
"141","Doge.exe has stopped working","demoman",404.733333333333,22,0.691813539779279,1.86666666666667,2.56666666666667,297.19321363861,315.454620326141,0.942110828274917,0.1507165211662,0.370614396310328,229.249711744358,0.726728020364206,1.29637333620736
"142","down","demoman",239.683333333333,22,0.646686600375495,1.33620689655172,2.00862068965517,296.395243724359,297.651067380572,0.995780886434358,0.204436409150963,0.48397190737779,272.096516236701,0.914145944885201,1.08930186914455
"143","durc","demoman",304.433333333333,22,0.443446841125589,0.718085106382979,1.10106382978723,285.454943611081,307.893353772035,0.927122784931668,0.065695828314902,0.617540786160079,290.559509471149,0.943701791258148,0.982431943565162
"144","Gooseman","demoman",267.1,22,0.651441407712467,0.93048128342246,1.21390374331551,303.197304380382,251.808311493823,1.20407981206697,0.0861100711344066,0.700112317484088,285.799326095095,1.13498765946058,1.06087480514036
"145","Moop","demoman",225.583333333333,22,0.691540450683413,1.27868852459016,1.69672131147541,288.828961950499,286.444033985962,1.00832598232663,0.0975249353527891,0.540820096047285,270.596231991134,0.944674002197564,1.06737983683366
"146","redcoat","demoman",481.766666666667,22,0.707811527018612,1.94857142857143,2.67428571428571,296.236767453124,324.298069604926,0.913470646969968,0.18473673285823,0.363246384833599,239.752992458313,0.739298241122405,1.23559153283408
"147","campbell","demoman",403.816666666667,16,0.710718560402823,1.29279279279279,1.86936936936937,309.083329893929,354.167833415024,2.07869229231897,0.208015188410582,0.549754426513682,260.115563993561,1.74936713077077,1.18825388665162
"148","eggnormous","demoman",210.083333333333,16,0.376041253470845,0.642276422764228,1,228.456961523205,277.805036736911,3.15860480421191,0.176120587068624,0.585481951606505,266.889329631099,3.68996380388286,0.855998858549287
"149","encre","demoman",132.416666666667,16,0.664568911264947,0.814814814814815,1.06481481481481,287.818753933291,270.355135604347,4.43627051565592,0.0981749528005035,0.815607300188798,279.843926998112,4.31335118146898,1.02849740932642
"150","Moop","demoman",362.133333333333,16,0.626840942562592,1.15816326530612,1.61224489795918,290.130706921944,312.959106687762,2.69932944531511,0.3009941089838,0.541237113402062,294.913475699558,2.74382755697146,0.983782467836476
"151","Paulsen","demoman",236.8,16,0.650337837837838,1.42592592592593,2.10185185185185,294.358108108108,296.025582128593,3.2508161552094,0.202702702702703,0.456081081081081,259.100506756757,2.86144016416379,1.13607692934561
"152","Sean","demoman",132.733333333333,16,0.467101958814666,0.681318681318681,0.956043956043956,288.194374686087,317.242040142358,2.57856420626896,0.203415369161226,0.685585133098945,266.406328478152,2.38361981799798,1.08178501739204
"153","yewl","demoman",417.55,16,0.620284995808885,1.42307692307692,2.10989010989011,283.781583043947,289.773087080258,3.3664696857776,0.170039516225602,0.435875943000838,235.622081187882,2.79515881584181,1.2043929907302
"154","bulk","demoman",307.866666666667,15,0.734084019055868,1.50666666666667,2.28666666666667,326.878518839324,290.612643999893,4.15160891089109,0.18189692507579,0.48722390645301,293.295799047207,3.72508250825082,1.11450119606627
"155","enrith","demoman",381.95,15,0.727843958633329,1.61627906976744,2.12790697674419,311.574813457259,318.89388592981,2.91146177370031,0.21206964262338,0.450320722607671,263.144390627045,2.45891131498471,1.18404505114021
"156","Gooseman","demoman",150.616666666667,15,0.54442846077238,0.881720430107527,1.2258064516129,238.984176164656,282.274516443544,3.39479392624729,0.146066172402346,0.617461546973553,229.197742613699,3.25577666698104,1.04269864720025
"157","mac","demoman",191.083333333333,15,0.795464457043175,0.888888888888889,1.1812865497076,333.482773658962,268.904735640767,5.8477562631917,0.115133013519407,0.894897514173572,301.706061927606,5.29053868037074,1.10532341156268
"158","modus","demoman",253.8,15,0.516154452324665,0.648514851485149,0.940594059405941,274.743892828999,312.921389952705,2.71904854747514,0.157604412923562,0.795902285263987,295.748620961387,2.92692532657438,0.928977764751336
"159","Moop","demoman",275.616666666667,15,0.609542238616436,0.949152542372881,1.38983050847458,291.560742577251,300.387873282848,3.29407665505226,0.246719477535224,0.642196287113745,303.247263711677,3.42611190817791,0.961462072266092
"160","Paulsen","demoman",567.133333333333,15,0.622428588221465,1.39525691699605,2.07905138339921,289.219466321853,300.138692479164,3.27684992808055,0.257435053485365,0.4461032091219,244.942400376161,2.77519178520058,1.18076521613937
"161","Tekk","demoman",214.216666666667,15,0.718898311678207,1.16666666666667,1.76515151515152,320.035789309889,351.656300629947,2.28958354206325,0.200731346767292,0.616198552867035,301.904613708862,2.15987042046555,1.06005597389946
"162","termo","demoman",565.933333333333,15,0.803981623277182,1.66058394160584,2.40510948905109,339.53999293203,297.774303949505,3.95287171891714,0.169631287548592,0.484155966544941,253.047473200613,2.94593927425327,1.34180353052902
"163","faithless","demoman",348.516666666667,14,0.579599253981158,1,1.42079207920792,254.538759504567,296.722128218786,3.72500524879278,0.226674955764908,0.579599253981158,252.748314284348,3.69880327524669,1.00708390568415
"164","oni","demoman",387.033333333333,14,0.545172681078288,0.868312757201646,1.21399176954733,279.671001636379,299.846049189989,3.91387040786809,0.165360434071139,0.627852898113857,255.184738609939,3.57119612380677,1.09595504480332
"165","Paulsen","demoman",437.783333333333,14,0.657859671831576,1.60893854748603,2.37430167597765,303.15224426086,300.45956920713,4.20636429907135,0.342635245745612,0.408878059923097,231.347317927437,3.21004088618427,1.31037717219589
"166","phantasm","demoman",237.733333333333,14,0.508973639932698,0.952755905511811,1.31496062992126,236.281547952888,292.35209449978,3.69406813100092,0.260796410544027,0.53421200224341,247.285473920359,3.8661054846771,0.955501122678098
"167","termo","demoman",276.433333333333,14,0.842879536958881,2.33,3.17,349.928855661401,310.76034567946,4.24822134387352,0.224285542023393,0.361750874231279,241.302303147233,2.92946859903382,1.45016790597266
"168","yuki","demoman",158.316666666667,14,0.783240341088536,1.29166666666667,1.82291666666667,334.165701652806,315.569374743643,3.83306767135198,0.240025265817454,0.606379618907253,276.831245394252,3.17540936096218,1.20710977251466
