"","name","class_primary","total_mins_played","season","kills_per_minute","kills_per_death","ka_d","damage_per_minute","heals_per_minute","damage_per_heal","caps_per_minute","deaths_per_minute","dt_per_minute","dt_per_heal","damage_per_dt","ubers_per_minute","healing_per_minute","drops_per_minute","drops_per_uber"
"1","arnold","medic",407.183333333333,20,0.0613974049363514,0.1953125,1.6953125,23.3973230731448,-3.73270428207278,0.445811885821245,0.235766034955589,0.314354713274119,121.566861773976,2.31633130556855,0.192464646464646,0.454340796529,1127.80559167552,0.0196471695796324,0.0432432432432432
"2","bird","medic",198.433333333333,20,0.0201579035780279,0.0493827160493827,1.33333333333333,11.3992944733748,-2.76148520863048,0.213255397379089,0.141105325046195,0.408197547455065,143.050562741475,2.67615725464316,0.0796871697315578,0.418276499244079,1041.06960231133,0.0201579035780279,0.0481927710843374
"3","blank","medic",148.3,20,0.0404585300067431,0.0821917808219178,1.12328767123288,14.7741065407957,7.79018844900165,0.230825958702065,0.175320296695887,0.492245448415374,162.23870532704,2.53476611883692,0.0910640066500416,0.397842211732974,1061.90056646422,0.0269723533378287,0.0677966101694915
"4","cos coa","medic",280.966666666667,20,0.0320322695456163,0.0810810810810811,1.18918918918919,16.2012101079606,-4.26954224185811,0.311887632750942,0.16727962984933,0.395064657729268,142.817653339661,2.74936622130867,0.113439828544372,0.409301221971764,1045.22167546665,0.0391505516668644,0.0956521739130435
"5","fk","medic",181.016666666667,20,0.0662922382837676,0.11214953271028,0.654205607476635,19.213700395912,-14.8378006262143,0.464352469959947,0.165730595709419,0.591105791363595,164.912991437253,3.98558077436582,0.11650810665952,0.325936838228524,1020.21765465203,0.0276217659515698,0.0847457627118644
"6","Halfwrong","medic",415.216666666667,20,0.0289005739975113,0.09375,1.8046875,10.7365632400755,-5.40318017170807,0.211299649255854,0.219162686147794,0.308272789306788,120.42869184763,2.37008247227225,0.0891528677705783,0.435916991129129,1057.96178411391,0.0192670493316742,0.0441988950276243
"7","jen","medic",224.633333333333,20,0,0,0.828571428571429,3.44561507642083,3.49098184003463,0.0577095138681777,0.124647573824009,0.467428401840036,162.558243062769,2.72263644497465,0.0211961879723957,0.360587624276599,1031.10879441282,0.0178067962605728,0.0493827160493827
"8","lock","medic",202.033333333333,20,0.0643458175218611,0.236363636363636,2.30909090909091,10.2854314469559,-6.09476385040706,0.20521429982224,0.178188417752846,0.272232304900181,115.446295990761,2.30337744420304,0.0890927799691305,0.420722653027553,1033.95681901819,0.024748391354562,0.0588235294117647
"9","rem","medic",261.15,20,0.061267470802221,0.120300751879699,1.15037593984962,25.3417576105686,3.01512137638118,0.427851047323507,0.145510243155275,0.509285851043462,172.567489948306,2.91349883630721,0.146851284782319,0.382921692513881,1109.7595900862,0.0268045184759717,0.07
"10","bird","medic",214,19,0.0420560747663551,0.0756302521008403,0.663865546218487,14.4252336448598,8.58385939889483,0.222614840989399,0.0934579439252336,0.55607476635514,189.163551401869,2.91923271075215,0.0762579975791112,0.350467289719626,1090.44637535123,0.0420560747663551,0.12
"11","Doge.exe has stopped working","medic",197.283333333333,19,0.0456196671453916,0.138461538461538,1.61538461538462,22.951761426037,9.55821629817864,0.348951911220715,0.146996705246262,0.329475373827828,135.414378643237,2.05880086313194,0.169492794310313,0.446058967643829,1047.83197483771,0.0253442595252175,0.0568181818181818
"12","explode","medic",312.866666666667,19,0.0607287449392713,0.172727272727273,1.43636363636364,23.8791817600682,4.20989519290897,0.395186458608834,0.166204986149584,0.351587470701044,142.830811847432,2.36376619941814,0.167185087385593,0.405923716173024,1069.06912528103,0.022373748135521,0.0551181102362205
"13","Halfwrong","medic",355.7,19,0.0449817261737419,0.113475177304965,1.42553191489362,11.3916221535001,-3.8311745344576,0.217463639778887,0.134945178521226,0.396401461906101,136.983412988473,2.6149841678742,0.0831605951770139,0.430137756536407,1039.82716063968,0.0281135788585887,0.065359477124183
"14","johno","medic",320.25,19,0.0562060889929742,0.26865671641791,2.64179104477612,19.3692427790788,-2.55088127537396,0.360933317816828,0.19047619047619,0.209211553473849,122.535519125683,2.28337018503433,0.158070434738291,0.455893832943013,1244.34825910151,0.0156128024980484,0.0342465753424658
"15","kELlEr","medic",165.766666666667,19,0.00603257590991353,0.0196078431372549,2,7.1305047255178,8.70737592082352,0.109830886452332,0.162879549567665,0.30766137140559,141.807761914337,2.18425943133247,0.0502828944569703,0.49467122461291,1069.04393770194,0.0120651518198271,0.024390243902439
"16","Left","medic",128.35,19,0.00779119594857811,0.0188679245283019,1.22641509433962,4.1994546162836,-4.24792904464994,0.0808095952023988,0.132450331125828,0.41293338527464,144.885079859758,2.7880059970015,0.0289847278984728,0.428515777171796,1035.03569012647,0.00779119594857811,0.0181818181818182
"17","lock","medic",546.216666666667,19,0.0347847313337198,0.171171171171171,2.77477477477477,12.4913800994721,-12.5072757131803,0.285792075060736,0.148292802001648,0.203216062002258,98.8051139657645,2.26057635921923,0.126424428838778,0.419247551337992,1090.71705847853,0.0201385286668904,0.0480349344978166
"18","xander","medic",299.816666666667,19,0.0333537161598755,0.0740740740740741,1.07407407407407,21.9167268886542,-1.51177614785415,0.400646302054753,0.170103952415365,0.450275168158319,152.703318694758,2.7914761295043,0.143524889150995,0.410250708766468,1054.75067112284,0.0200122296959253,0.0487804878048781
"19","arnold","medic",686.2,18,0.0612066452929175,0.190909090909091,1.66363636363636,27.7528417371029,-8.87332318867263,0.586221757064582,0.183619935878753,0.320606237248616,122.057709122705,2.5782183094256,0.227374755241416,0.381812882541533,1020.37485183148,0.029146021568056,0.0763358778625954
"20","bird","medic",573.833333333333,18,0.0383386581469649,0.0728476821192053,0.940397350993378,17.1443508568109,-3.30088711373679,0.324002107759189,0.101074644205635,0.526285216381063,166.97182689515,3.15551310762745,0.102678105496065,0.365959918675574,1005.70671530688,0.0278826604705199,0.0761904761904762
"21","Doge.exe has stopped working","medic",287.966666666667,18,0.0277809931705058,0.0727272727272727,1.78181818181818,12.8209283481884,6.48649556416576,0.204474966770049,0.194466952193541,0.381988656094455,145.621020951499,2.32244129375277,0.0880431153717747,0.465331635605973,1083.11903292561,0.0208357448778794,0.0447761194029851
"22","Halfwrong","medic",696.666666666667,18,0.0258373205741627,0.0508474576271186,1.08474576271186,12.2468899521531,6.95704278216184,0.193865030674847,0.183732057416268,0.508133971291866,169.75980861244,2.68725289706885,0.0721424585256963,0.743540669856459,1060.02845736169,0.0516746411483254,0.0694980694980695
"23","jen","medic",625.066666666667,18,0.0127986348122867,0.0254777070063694,0.840764331210191,5.5002133105802,1.53543391007469,0.0952407335586459,0.0767918088737201,0.502346416382253,164.71843003413,2.85223558091861,0.0333916083916084,0.313566552901024,1028.04992069269,0.0415955631399317,0.13265306122449
"24","johno","medic",731.466666666667,18,0.128508931826467,0.338129496402878,2.1294964028777,32.3514400291651,4.74450961814451,0.530701951110114,0.232409770324462,0.380058330295297,156.091870215093,2.56057411975779,0.207258968609865,0.473022238425082,1114.05923356977,0.0300765585125775,0.0635838150289017
"25","lock","medic",710.466666666667,18,0.0788214319226799,0.274509803921569,2.46078431372549,14.2920146382659,-2.18029938752873,0.264495962490232,0.213943886647274,0.287135216289763,126.618185230365,2.3432664756447,0.112874897174237,0.470113540395984,1078.06044630981,0.0281505114009571,0.0598802395209581
"26","obla","medic",634.166666666667,18,0.0536136662286465,0.146551724137931,1.57758620689655,15.0402102496715,-0.829135062401789,0.27155221500968,0.167148488830486,0.365834428383706,134.64914586071,2.43110124131648,0.11169926220869,0.394218134034166,1011.1628637396,0.0189224704336399,0.048
"27","Sean","medic",809.3,18,0.0345978005683924,0.0625,1.05803571428571,12.0696898554306,5.45784476296277,0.195704439814073,0.153218831088595,0.553564809094279,180.390460892129,2.92494790831864,0.0669086923761902,0.397874706536513,1044.7253905611,0.0247127146917089,0.062111801242236
"28","cos coa","medic",183.416666666667,17,0.0272603362108133,0.0632911392405063,1.74683544303797,7.85642889595638,10.5453573586158,0.117680685994283,0.141753748296229,0.43071331213085,156.474329850068,2.34381380155165,0.0502090592334495,0.4525215810995,1048.7684867959,0.0272603362108133,0.0602409638554217
"29","Doge.exe has stopped working","medic",393.95,17,0.032999111562381,0.110169491525424,2.06779661016949,7.80809747429877,6.62525596589595,0.124252706414607,0.172610737403224,0.299530397258535,130.453103185683,2.07594118597512,0.0598536737235367,0.423911663916741,1059.22985930776,0.032999111562381,0.0778443113772455
"30","Halfwrong","medic",214.616666666667,17,0.0326162926147395,0.0619469026548673,1.02654867256637,17.8317931195154,-3.24634681532904,0.33664672765658,0.130465170458958,0.526520152209366,170.03339287101,3.2100633356791,0.104872300778253,0.85268307835676,983.122578811867,0.0465947037353421,0.0546448087431694
"31","Hawk","medic",365.033333333333,17,0.0767053237147293,0.241379310344828,1.87931034482759,26.2770523239887,-6.88272496970719,0.532652154597956,0.210939640215505,0.317779198246736,112.86640489453,2.28787205686362,0.232815533980583,0.432837183818829,1029.97121070532,0.0164368550817277,0.0379746835443038
"32","Hobbes","medic",169.15,17,0.0591191250369495,0.123456790123457,1.50617283950617,17.2686964232929,11.9432332334331,0.253361089426663,0.218740762636713,0.478864912799291,175.158143659474,2.56986729117877,0.0985891724044822,0.419745787762341,1034.11519360412,0.0177357375110848,0.0422535211267606
"33","sage","medic",145.25,17,0.0688468158347676,0.12987012987013,0.792207792207792,26.3752151462995,6.93797814356644,0.417638722337294,0.137693631669535,0.530120481927711,175.807228915663,2.78382208655838,0.150023496240602,0.419965576592083,1053.20718896617,0.0206540447504303,0.0491803278688525
"34","sea anarchy","medic",146.733333333333,17,0.02044525215811,0.0491803278688525,1.24590163934426,20.0431621990005,-3.65046272316523,0.381304291455983,0.177192185370286,0.415720127214902,149.16855974557,2.83780630105018,0.134365862573099,0.354384370740572,1064.95703745469,0.0545206724216265,0.153846153846154
"35","arnold","medic",504.883333333333,21,0.0514970455220678,0.164556962025316,1.63291139240506,23.9263196117915,-4.34076587224476,0.837202855360732,0.205988182088271,0.312943584326412,125.434918958175,4.38907755215192,0.190746881414811,0.41791833096755,1108.10741674985,0.0396131119400522,0.0947867298578199
"36","bird","medic",145.683333333333,21,0.0411852190824848,0.0645161290322581,0.881720430107527,15.1081112000915,-1.02169330201088,0.473638906821605,0.109827250886626,0.638370895778515,181.791557030088,5.69916074887024,0.0831067814529527,0.308889143118636,994.523834509311,0.00686420318041414,0.0222222222222222
"37","Dave","medic",150.883333333333,21,0.039765823483928,0.15,3,14.0307080525793,-0.55026516547801,0.433456183456183,0.231967303656247,0.265105489892853,117.660444051696,3.63493038493039,0.119247451135019,0.516955705291064,1129.04636010389,0.0331381862366067,0.0641025641025641
"38","iven","medic",335.183333333333,21,0.0507185122569738,0.137096774193548,1.23387096774194,18.6435284172841,-1.50996918484126,0.593560030395137,0.0686191636417881,0.369946795286162,145.04897817115,4.61797112462006,0.128532642231272,0.453483168415295,1129.52288198209,0.00298344189746905,0.00657894736842105
"39","jen","medic",137.9,21,0.0290065264684554,0.0533333333333333,0.88,14.2494561276287,-18.8224736177261,1.0108024691358,0.0652646845540246,0.543872371283539,161.211022480058,11.4356995884774,0.0883900859160631,0.268310369833212,1139.90838709874,0.0362581580855693,0.135135135135135
"40","lau","medic",217.116666666667,21,0.0414523681584402,0.132352941176471,2.47058823529412,8.49312965379596,-17.0894466635555,0.53651440209485,0.257925846319183,0.313195670530437,144.042373531895,9.09921443118999,0.0589627166336254,0.432946956321486,1351.95372129141,0.0276349121056268,0.0638297872340425
"41","lock","medic",378.066666666667,21,0.05025568682772,0.171171171171171,2.0990990990991,10.847293246341,22.4885717642403,0.195770479282032,0.179862458120261,0.293599012519838,130.257450185153,2.35086881802559,0.083275799049669,0.428495856110033,822.461055414019,0.0264503614882737,0.0617283950617284
"42","Rising","medic",240.75,21,0.0456905503634476,0.106796116504854,1.24271844660194,17.8359293873313,-3.47831630174845,0.605812641083521,0.161993769470405,0.427829698857736,141.271028037383,4.79839164785553,0.126253271000559,0.382139148494289,977.479942931408,0.0332294911734164,0.0869565217391304
"43","Sean","medic",366.033333333333,21,0.0136599581094618,0.0316455696202532,1.21518987341772,5.07330844185411,9.84695136770761,0.118627826753545,0.191239413532465,0.431654676258993,164.444039704945,3.84515139900345,0.0308512759170654,0.453510609234132,1164.33357295771,0.0355158910846007,0.0783132530120482
"44","whitemagic","medic",147.733333333333,21,0,0,0.654761904761905,0.541516245487365,19.1471415222147,0.0104004160166407,0.148916967509025,0.568592057761733,172.195397111913,3.30720228809152,0.00314477770352608,0.304602888086643,767.583650134005,0.0338447653429603,0.111111111111111
"45","airflameon","medic",221.366666666667,28,0.103900015057973,0.172932330827068,1.04511278195489,39.0935100135522,19.3299201927421,2.02243514839916,0.189730462279777,0.600813130552628,191.13085378708,9.88782425800421,0.204537934294493,0.374943532600512,865.65878632736,0.0271043517542539,0.072289156626506
"46","alibastor","medic",275.15,28,0.0290750499727421,0.0808080808080808,1.36363636363636,12.1206614573869,0,Inf,0.210794112302381,0.359803743412684,135.504270397965,Inf,0.0894485570217788,0.439760130837725,1089.3912411412,0.0145375249863711,0.0330578512396694
"47","Azer","medic",214.866666666667,28,0.079118833385045,0.236111111111111,1.86111111111111,31.2659013341607,0.0418864412038473,746.444444444444,0.186161960905988,0.335091529630779,131.132485262178,3130.66666666667,0.238429869392391,0.372323921811976,999.71300031027,0.0372323921811976,0.1
"48","Connor","medic",122.683333333333,28,0.0326042657247657,0.0952380952380952,1.78571428571429,12.5118869718788,1.36122809400897,9.19161676646707,0.285287325091699,0.342344790110039,157.413394919169,115.640718562874,0.0794842584921292,0.383100122265996,1018.49205271023,0.0407553321559571,0.106382978723404
"49","D-Fault","medic",170.35,28,0.0234810683886117,0.0412371134020619,0.907216494845361,19.7475785148224,0,Inf,0.129145876137364,0.569415908423833,181.244496624596,Inf,0.108955465587045,0.340475491634869,957.270325799824,0.0293513354857646,0.0862068965517241
"50","Dave","medic",302.35,28,0.0363816768645609,0.117021276595745,2.18085106382979,10.3886224574169,0.238134612204399,43.625,0.195138085000827,0.310897965933521,124.663469489003,523.5,0.0833333333333333,0.472961799239292,1141.63056060857,0.0231519761865388,0.048951048951049
"51","Doge.exe has stopped working","medic",469.666666666667,28,0.0234208658623137,0.101851851851852,2.19444444444444,8.31014904187367,0.0170333569907736,487.875,0.119233498935415,0.229950319375444,108.511000709723,6370.5,0.0765834706851895,0.440738112136267,1174.69694819021,0.0191625266146203,0.0434782608695652
"52","dogroll","medic",323.616666666667,28,0.0309007570685482,0.135135135135135,2.43243243243243,11.5105320080342,0,Inf,0.188494618118144,0.228665602307257,107.037132409744,Inf,0.107537746470741,0.463511356028223,1133.81675851058,0.0154503785342741,0.0333333333333333
"53","emgee","medic",440.033333333333,28,0.0272706613135369,0.0759493670886076,1.69620253164557,9.94242860389365,0.115900310582532,85.7843137254902,0.261343837588062,0.359063707294902,147.484281493826,1272.50980392157,0.0674134796141638,0.411332474812514,1110.67722142262,0.0363608817513825,0.0883977900552486
"54","Essence","medic",225.783333333333,28,0.0620063482689894,0.134615384615385,1.125,22.6146010186757,0,Inf,0.128441721414335,0.460618587141064,145.87879235255,Inf,0.155023226159031,0.354321990108511,1073.60448807854,0.0575773233926331,0.1625
"55","Ghost","medic",268.116666666667,28,0.0261080375458445,0.0522388059701493,1.14179104477612,7.44079070056567,0,Inf,0.119351028781003,0.499782433020451,153.955367688195,Inf,0.0483308299820728,0.380431404239448,997.81935724498,0.0261080375458445,0.0686274509803922
"56","Jäger al-Maslul","medic",185.25,28,0.0269905533063428,0.0746268656716418,1.71641791044776,22.9419703103914,0,Inf,0.221322537112011,0.361673414304993,146.526315789474,Inf,0.156572354848217,0.437246963562753,1059.35762483131,0.0107962213225371,0.0246913580246914
"57","just jazz","medic",252.766666666667,28,0.0158248714229197,0.0384615384615385,1.40384615384615,7.95595410787287,0.225504417776606,35.280701754386,0.170117367796387,0.411446656995912,151.661611499407,672.543859649123,0.0524585887570106,0.383753132005802,1053.49334036661,0.0435183964130291,0.11340206185567
"58","LiAm","medic",274.366666666667,28,0.0400923338597983,0.100917431192661,1.28440366972477,11.6923824565666,0.273356821771352,42.7733333333333,0.196816911675374,0.397278580974365,146.471874620338,535.826666666667,0.079826809664817,0.408212853845219,1053.77232414044,0.0400923338597983,0.0982142857142857
"59","Michael","medic",150.483333333333,28,0.046516779266807,0.116666666666667,1.11666666666667,11.336803632739,0,Inf,0.139550337800421,0.398715250858345,142.879610145088,Inf,0.0793451467373611,0.425296267582235,1068.47048399601,0.046516779266807,0.109375
"60","munch","medic",338.866666666667,28,0.0442651977178831,0.16304347826087,2.07608695652174,11.5738736966358,0,Inf,0.153452685421995,0.271493212669683,121.413535313791,Inf,0.0953260578956323,0.416092858548102,1186.98308085776,0.0324611449931143,0.0780141843971631
"61","Rockeyroad1415","medic",439.766666666667,28,0.0113696657318275,0.028735632183908,1.2816091954023,6.04184036989313,0,Inf,0.195558250587433,0.395664367467596,137.502463427575,Inf,0.0439398700160413,0.425225498370348,1072.37322822709,0.031835064049117,0.0748663101604278
"62","roymond","medic",163.016666666667,28,0.0797464471935385,0.245283018867925,1.73584905660377,23.9300685001534,0,Inf,0.122686841836213,0.325120130865965,133.066148655557,Inf,0.179835884196939,0.447806972702178,1098.93057969533,0.018403026275432,0.0410958904109589
"63","sea anarchy","medic",307.15,28,0.0162786911932281,0.0434782608695652,1.12173913043478,8.18167019371643,0.0618590265342666,132.263157894737,0.136741006023116,0.374409897444246,132.700634868957,2145.21052631579,0.0616550945803381,0.387432850398828,1008.13283412014,0.0520918118183298,0.134453781512605
"64","Silver","medic",354.283333333333,28,0.0423389942136708,0.113636363636364,1.51515151515152,10.5565225572752,0,Inf,0.19758197299713,0.372583149080303,135.329538504963,Inf,0.0780060485973511,0.414922143293974,1056.57242320177,0.0310485957566919,0.0748299319727891
"65","snazzy","medic",293.3,28,0.0170473917490624,0.0423728813559322,1.27118644067797,10.6750767132629,0,Inf,0.126150698943062,0.402318445277872,139.805659734061,Inf,0.076356541885136,0.354585748380498,1028.05318786226,0.0238663484486874,0.0673076923076923
"66","tal","medic",415.933333333333,28,0.028850777368168,0.0816326530612245,1.37414965986395,8.24891809584869,0,Inf,0.153870812630229,0.353422022760058,127.681519474275,Inf,0.0646054192479334,0.389485494470268,988.956563551851,0.014425388684084,0.037037037037037
"67","v4na","medic",312.716666666667,28,0.0607578745403187,0.15702479338843,1.48760330578512,20.8783243617758,0,Inf,0.159889143527155,0.386931727335714,135.000799445718,Inf,0.154653338702418,0.406118424558972,1108.85359484091,0.0287800458348878,0.0708661417322835
"68","weaponfire","medic",522.766666666667,28,0.0248676911305235,0.0760233918128655,1.64912280701754,9.3655550596187,0.239112414716572,39.168,0.17789963654913,0.327105783332271,128.996365491296,539.48,0.0726032475717358,0.461008735573551,1203.18880316266,0.0344321877191864,0.0746887966804979
"69","weed liz","medic",440.216666666667,28,0.0363457388407224,0.134453781512605,1.87394957983193,10.3312762654753,0.0477037822284481,216.571428571429,0.136296520652709,0.270321432627873,116.469920115095,2441.52380952381,0.0887033858636293,0.445235300798849,1080.25214856321,0.0295309128080869,0.0663265306122449
"70","arnold","medic",463.8,27,0.0582147477360931,0.207692307692308,2.17692307692308,19.7455799913756,0,Inf,0.258732212160414,0.280293229840448,131.362656317378,Inf,0.15031349505958,0.463561880120742,1213.09616213885,0.0323415265200517,0.0697674418604651
"71","Hawk","medic",492.583333333333,27,0.0527829470478768,0.13903743315508,1.3048128342246,22.4307223819997,0.753172052106243,29.7816711590296,0.174589747927593,0.379631196075114,136.36474369819,181.053908355795,0.164490628396183,0.410082896295043,972.184740314668,0.0243613601759432,0.0594059405940594
"72","iven","medic",196.8,27,0.0355691056910569,0.0864197530864197,1.20987654320988,17.7591463414634,0,Inf,0.147357723577236,0.411585365853659,145.670731707317,Inf,0.121912934282126,0.416666666666667,1014.39532520325,0.0101626016260163,0.024390243902439
"73","lau","medic",495.683333333333,27,0.0201741703372449,0.0746268656716418,2.47761194029851,7.45839077367943,0,Inf,0.246124878114388,0.270333882519081,127.422077267072,Inf,0.0585329554630231,0.480145254026428,1188.74281295182,0.0181567533035204,0.0378151260504202
"74","lock","medic",291.916666666667,27,0.0445332572081073,0.158536585365854,2.19512195121951,16.0422495004282,2.47330859263488,6.48614958448753,0.195261204681701,0.280902083928062,132.085640879246,53.404432132964,0.121453394885627,0.438481301741365,1108.80274050814,0.0239794461889809,0.0546875
"75","Mack","medic",352.116666666667,27,0.110758744734226,0.312,1.512,40.4525015383159,0.741231599375207,54.5747126436782,0.198797746958868,0.354995976712264,143.267856297629,193.283524904215,0.282355739687196,0.408955365172528,996.740663605812,0.0198797746958868,0.0486111111111111
"76","Michael","medic",178.416666666667,27,0.0616534329752452,0.11,0.82,17.4815506772536,0,Inf,0.128911723493695,0.560485754320411,183.587108827651,Inf,0.0952221034956495,0.364315740308267,967.81877627277,0.0168145726296123,0.0461538461538462
"77","Mirimu","medic",175.4,27,0.0399087799315849,0.101449275362319,1.65217391304348,14.7320410490308,0.570125427594071,25.84,0.233751425313569,0.393386545039909,151.995438996579,266.6,0.0969242310577644,0.416191562143672,1038.97947548461,0.0228050171037628,0.0547945205479452
"78","munch","medic",143,27,0.020979020979021,0.05,1.46666666666667,15.4895104895105,0,Inf,0.174825174825175,0.41958041958042,149.881118881119,Inf,0.103345308636215,0.475524475524476,1062.52447552448,0.020979020979021,0.0441176470588235
"79","ory","medic",224.966666666667,27,0.022225514891095,0.036231884057971,0.659420289855073,10.9927396651356,0,Inf,0.0889020595643799,0.613424210994221,176.483923544229,Inf,0.0622874845729542,0.342272929322863,972.695214105793,0.022225514891095,0.0649350649350649
"80","Ravu4","medic",341.6,27,0.0292740046838407,0.0943396226415094,2.12264150943396,14.6750585480094,0.228337236533958,64.2692307692308,0.22248243559719,0.310304449648712,125.026346604215,547.551282051282,0.117375728769112,0.477166276346604,1065.99238875878,0.00585480093676815,0.0122699386503067
"81","rem","medic",134.15,27,0.0596347372344391,0.156862745098039,1.74509803921569,24.4204248975028,0.477077897875512,51.1875,0.163995527394707,0.380171449869549,146.403279910548,306.875,0.166802443991853,0.417443160641073,1042.78046962356,0.0223630264629146,0.0535714285714286
"82","Sean","medic",285.35,27,0.0210268091817067,0.0428571428571429,1.00714285714286,8.91887156124058,0.182232346241458,48.9423076923077,0.143683196074996,0.490625547573156,153.933765551078,844.711538461538,0.0579396698918611,0.371473628876818,1022.81408796215,0.0175223409847556,0.0471698113207547
"83","shy","medic",374.883333333333,27,0.0453474414262215,0.116438356164384,1.32191780821918,13.3294802827546,0,Inf,0.186724758813853,0.389454496954608,150.513493086738,Inf,0.0885600354452813,0.37611701418219,1042.66038323034,0.0320099586538034,0.0851063829787234
"84","snazzy","medic",225.216666666667,27,0.0177606749056464,0.0264900662251656,0.748344370860927,11.4867164952268,0.226448605046992,50.7254901960784,0.150965736697995,0.670465477688152,205.220158366018,906.254901960784,0.0559726519396785,0.319692148301635,924.540812550877,0.0399615185377044,0.125
"85","xander","medic",287.583333333333,27,0.0278180237612286,0.0851063829787234,1.62765957446809,17.1324253839467,0,Inf,0.180817154447986,0.326861779194436,123.303390321646,Inf,0.138945290468133,0.410315850478122,1063.50738916256,0.0417270356418429,0.101694915254237
"86","arnold","medic",602.1,26,0.0381996346121907,0.151315789473684,1.76973684210526,17.0303936223219,0,Inf,0.229197807673144,0.252449759176217,113.76349443614,Inf,0.149699986860738,0.423517688091679,1148.65470852018,0.0315562198970271,0.0745098039215686
"87","ayr","medic",216.3,26,0.0508552935737402,0.126436781609195,1.31034482758621,13.9251040221914,0,Inf,0.147942672214517,0.402219140083218,139.505316689783,Inf,0.0998177299088649,0.365233472029589,1120.36061026352,0.0416088765603329,0.113924050632911
"88","bird","medic",164.366666666667,26,0.00608395862908132,0.0192307692307692,1.09615384615385,4.5264652200365,0,Inf,0.133847089839789,0.316365848712229,117.669843845062,Inf,0.0384675042655499,0.334617724599473,1048.31474345974,0.0304197931454066,0.0909090909090909
"89","D-Fault","medic",362.833333333333,26,0.0303169499310978,0.0901639344262295,1.72131147540984,12.3197060174552,0.154340836012862,79.8214285714286,0.157096922370234,0.336242535599449,127.686724850712,827.303571428571,0.0964838438127307,0.358291226458429,1043.8511713367,0.0303169499310978,0.0846153846153846
"90","down","medic",318.666666666667,26,0.0627615062761506,0.32258064516129,4.2258064516129,13.3682008368201,0,Inf,0.213389121338912,0.194560669456067,104.033472803347,Inf,0.128499034749035,0.539748953974895,1078.27405857741,0.0125523012552301,0.0232558139534884
"91","Essence","medic",301.15,26,0.0630914826498423,0.213483146067416,2.50561797752809,22.3111406275942,0.159389008799602,139.979166666667,0.229121700149427,0.295533787149261,134.095965465715,841.3125,0.166381893370973,0.494770048148763,1282.73285738004,0.033206043499917,0.0671140939597315
"92","hz","medic",155.2,26,0.0257731958762887,0.0571428571428571,1.25714285714286,7.37113402061856,0,Inf,0.141752577319588,0.451030927835052,159.136597938144,Inf,0.0463195400437282,0.399484536082474,979.594072164949,0.038659793814433,0.0967741935483871
"93","iven","medic",120.333333333333,26,0.149584487534626,0.409090909090909,2.5,57.606648199446,2.40997229916898,23.9034482758621,0.0997229916897507,0.365650969529086,143.368421052632,59.4896551724138,0.401808485972641,0.43213296398892,909.240997229917,0,0
"94","kELlEr","medic",622,26,0.0321543408360129,0.0813008130081301,1.13821138211382,9.30546623794212,0.241157556270096,38.5866666666667,0.141479099678457,0.395498392282958,144.588424437299,599.56,0.06435830720306,0.427652733118971,1152.59163987138,0.0385852090032154,0.0902255639097744
"95","lock","medic",948.316666666667,26,0.0590520044289003,0.256880733944954,2.61926605504587,12.6940719520554,0.095959507196963,132.285714285714,0.155011511625863,0.229881017241076,102.138877660416,1064.3956043956,0.124282469543671,0.442890033216752,1120.01406000105,0.0200355015026626,0.0452380952380952
"96","Mack","medic",300.7,26,0.0399068839374792,0.0833333333333333,1.19444444444444,32.8167608912537,0.651812437645494,50.3469387755102,0.199534419687396,0.478882607249751,187.435982707017,287.561224489796,0.175082502395231,0.425673428666445,1142.76022613901,0.0133022946458264,0.03125
"97","Michael","medic",604.766666666667,26,0.0231494240202833,0.053030303030303,1.04545454545455,9.80212754230282,0.839993385878851,11.6692913385827,0.168660089290636,0.436531995811057,152.696907898363,181.783464566929,0.0641933597557014,0.360469602601554,1117.72694703191,0.0264564845946095,0.073394495412844
"98","Mikcow","medic",184.75,26,0.0866035182679296,0.186046511627907,1.40697674418605,18.5060893098782,0.40595399188092,45.5866666666667,0.189445196211096,0.465493910690122,154.305818673884,380.106666666667,0.11993124736916,0.378890392422192,1059.97834912043,0.054127198917456,0.142857142857143
"99","ory","medic",534.533333333333,26,0.0224494886505363,0.0491803278688525,0.967213114754098,8.49338987278623,0,Inf,0.115989024694438,0.456472935894238,146.273384884011,Inf,0.0580651762418785,0.359191818408581,1022.86605138439,0.0299326515340484,0.0833333333333333
"100","Ravu4","medic",548.483333333333,26,0.0565194931477711,0.144859813084112,1.72897196261682,16.28673007384,0.122155033577441,133.328358208955,0.246133276611261,0.390166823665259,147.404661338843,1206.70149253731,0.110489925663892,0.488620134309763,1159.40624145371,0.0182320945637971,0.0373134328358209
"101","rem","medic",651.966666666667,26,0.0552175469093512,0.194594594594595,1.87567567567568,20.2694411779743,0.105833631576256,191.521739130435,0.173321744465463,0.283756838284166,117.524413313564,1110.46376811594,0.17247004776696,0.42640216779999,1045.69303134107,0.0199396697172657,0.0467625899280576
"102","Rising","medic",201.25,26,0.00993788819875776,0.0476190476190476,2.5,6.65341614906832,0,Inf,0.238509316770186,0.208695652173913,92.8745341614907,Inf,0.0716387566208336,0.48695652173913,1095.72670807453,0.0347826086956522,0.0714285714285714
"103","Sean","medic",614.216666666667,26,0.0374460695194421,0.092,1.3,8.25604428404743,0,Inf,0.224676417116653,0.407022494776545,147.755677963802,Inf,0.0558763250104679,0.426559574525819,1059.92890673758,0.017908989770168,0.0419847328244275
"104","snazzy","medic",382.083333333333,26,0.0314067611777535,0.058252427184466,1.01456310679612,19.6763358778626,2.22202835332606,8.85512367491166,0.146564885496183,0.539149400218103,171.19040348964,77.0424028268551,0.114938311241572,0.348091603053435,931.414612868048,0.0287895310796074,0.0827067669172932
"105","v4na","medic",746.45,26,0.0401902337731931,0.135135135135135,2.29279279279279,19.0890213678076,0.085739165382812,222.640625,0.250519123852904,0.297407729921629,134.882443566213,1573.171875,0.141523395210711,0.464867037309934,1142.25467211468,0.0120570701319579,0.0259365994236311
"106","bird","medic",406.95,25,0.0294876520457059,0.0710059171597633,1.57988165680473,11.7213416881681,5.07924806487283,2.30769230769231,0.154810173239956,0.415284432977024,147.698734488266,29.0788582486696,0.0793597976907463,0.464430519719867,1136.69001105787,0.0368595650571323,0.0793650793650794
"107","Bunneez","medic",391.533333333333,25,0.0332027924399796,0.118181818181818,1.84545454545455,9.1333219819513,0.160905840286055,56.7619047619048,0.117486804018389,0.280946705261366,116.544355525285,724.301587301587,0.0783677762924328,0.411203814064362,1062.98484590499,0.015324365741529,0.0372670807453416
"108","D-Fault","medic",231.9,25,0.0344976282880552,0.10126582278481,1.43037974683544,13.6394997843898,0,Inf,0.155239327296248,0.340664079344545,125.817162570073,Inf,0.108407307125476,0.422595946528676,1035.49374730487,0.0129366106080207,0.0306122448979592
"109","dogroll","medic",537.8,25,0.0539233915953886,0.176829268292683,1.92682926829268,18.8583116400149,0.139457047229453,135.226666666667,0.184083302342878,0.304946076608405,124.371513573819,891.826666666667,0.151628866595901,0.405355150613611,1083.49200446263,0.0223131275567125,0.055045871559633
"110","emgee","medic",425.75,25,0.0422783323546682,0.109756097560976,1.43292682926829,17.6277157956547,6.01291837933059,2.931640625,0.248972401644157,0.385202583675866,156.354668232531,26.003125,0.112741857949766,0.427480916030534,1067.34703464474,0.0328831473869642,0.0769230769230769
"111","Eternal","medic",162.416666666667,25,0.043099025141098,0.0843373493975904,0.91566265060241,18.6434068753207,0,Inf,0.110826064648538,0.511031298101591,159.749615187276,Inf,0.116703923533493,0.301693175987686,971.205746536686,0.0184710107747563,0.0612244897959184
"112","iven","medic",331.116666666667,25,0.0453012533346756,0.135135135135135,1.81081081081081,17.1117934262848,0,Inf,0.187245180449992,0.335229274676599,130.065938490965,Inf,0.131562449207049,0.410731363567725,1075.63295917854,0.0422811697790305,0.102941176470588
"113","jen","medic",165.05,25,0,0,0.741935483870968,3.37473492880945,0,Inf,0.0787640109057861,0.563465616479855,168.97909724326,Inf,0.0199713158838293,0.278703423205089,876.988791275371,0.0363526204180551,0.130434782608696
"114","kELlEr","medic",207.1,25,0.0531144374698213,0.0990990990990991,1.05405405405405,19.3674553355867,0,Inf,0.140028971511347,0.535972959922743,174.379526798648,Inf,0.11106496095697,0.342829550941574,1046.00676001931,0.0482858522452921,0.140845070422535
"115","lau","medic",345.05,25,0.0231850456455586,0.0677966101694915,2.24576271186441,5.61078104622518,0,Inf,0.260831763512534,0.34197942327199,129.108824807999,Inf,0.0434577656064109,0.359368207506158,1115.63251702652,0.0376756991740327,0.104838709677419
"116","lock","medic",130.05,25,0.0615148019992311,0.145454545454545,1.8,14.0715109573241,0,Inf,0.230680507497116,0.422914263744714,148.696655132641,Inf,0.0946323301272107,0.392156862745098,1019.10034602076,0.0384467512495194,0.0980392156862745
"117","lunar","medic",142.333333333333,25,0.0843091334894614,0.133333333333333,0.588888888888889,38.7962529274005,0.765807962529274,50.6605504587156,0.126463700234192,0.63231850117096,185.7962529274,242.614678899083,0.208810739270183,0.238875878220141,752.009367681499,0.063231850117096,0.264705882352941
"118","Michael","medic",272.966666666667,25,0.0439614116497741,0.0902255639097744,1.15789473684211,14.2508242764684,0,Inf,0.230797411161314,0.48723897911833,157.326901941629,Inf,0.0905809756665502,0.362681646110636,1070.83770912199,0.021980705824887,0.0606060606060606
"119","Ravu4","medic",354.75,25,0.0338266384778013,0.072289156626506,1.14457831325301,15.6391825229035,0,Inf,0.191684284707541,0.467935165609584,161.702607470049,Inf,0.0967157102015201,0.374911909795631,1040.51867512333,0.0225510923185342,0.0601503759398496
"120","T3","medic",225.566666666667,25,0.0265996748928624,0.0983606557377049,2.19672131147541,10.0458105512044,0,Inf,0.203930840845279,0.270430028077435,123.063395891828,Inf,0.0816311826794913,0.44332791488104,1103.74464312103,0.0354662331904832,0.08
"121","weed liz","medic",457.616666666667,25,0.0262228211385075,0.0923076923076923,2.16153846153846,9.12991222639036,0,Inf,0.170448337400299,0.284080562333831,124.523436646393,Inf,0.0733188263372175,0.437047018975125,1080.56816112467,0.0240375860436319,0.055
"122","arnold","medic",357.05,24,0.0364094664612799,0.0977443609022556,1.29323308270677,27.3547122251785,0.268869906175606,101.739583333333,0.249264808850301,0.372496849180787,140.212855342389,521.489583333333,0.195094181331522,0.389301218316762,1116.93600336087,0.0196050973253046,0.0503597122302158
"123","Azer","medic",172.066666666667,24,0.0523053080201472,0.169811320754717,1.75471698113208,16.9352963967454,0.662533901588532,25.5614035087719,0.156915924060442,0.308020147229756,119.395583107323,180.210526315789,0.141841900311526,0.290585044556374,1076.65246028671,0.0406819062378923,0.14
"124","blank","medic",127.6,24,0.0783699059561129,0.181818181818182,1.21818181818182,22.4451410658307,0,Inf,0.211598746081505,0.431034482758621,147.123824451411,Inf,0.152559526980238,0.352664576802508,927.688087774295,0.00783699059561129,0.0222222222222222
"125","conflux","medic",281.4,24,0.0248756218905473,0.0551181102362205,1.51181102362205,10.9275053304904,0,Inf,0.174129353233831,0.451314854299929,164.360341151386,Inf,0.0664850489719141,0.412224591329069,1043.18763326226,0.0213219616204691,0.0517241379310345
"126","Doge.exe has stopped working","medic",445.166666666667,24,0.0112317484088356,0.0588235294117647,2.78823529411765,7.3186072631973,0,Inf,0.159490827405466,0.190939722950206,95.9977536503182,Inf,0.0762372762372762,0.388618494945713,1185.35829277424,0.0292025458629727,0.0751445086705202
"127","Essence","medic",406.716666666667,24,0.0590091382207106,0.230769230769231,2.68269230769231,23.5397287218785,1.63750358562472,14.3753753753754,0.221284268327665,0.255706265623079,109.84305208376,67.0795795795796,0.214303301622832,0.43765110847027,1068.25472277999,0.0147522845551776,0.0337078651685393
"128","Halfwrong","medic",281.866666666667,24,0.0283822138126774,0.0941176470588235,1.8,7.11329233680227,0.329943235572375,21.5591397849462,0.173841059602649,0.301561021759697,121.344607379376,367.774193548387,0.0586205888372365,0.418637653736991,1187.62180700095,0.0283822138126774,0.0677966101694915
"129","jen","medic",134.6,24,0.0222882615156018,0.0441176470588235,1.23529411764706,5.95839524517088,0,Inf,0.141158989598811,0.50520059435364,164.145616641902,Inf,0.0362994478138861,0.341753343239227,898.506686478455,0.0297176820208024,0.0869565217391304
"130","john the asian","medic",195.933333333333,24,0.0510377679482817,0.1,1.38,8.62027900646478,0.0663490983327662,129.923076923077,0.193943518203471,0.510377679482817,167.133378700238,2519,0.0515772437169817,0.372575706022457,1060.17182715209,0.0357264375637972,0.0958904109589041
"131","Joshchap","medic",388.016666666667,24,0.0231948799450195,0.0552147239263804,1.51533742331288,20.9810575147116,0.193290666208496,108.546666666667,0.180404621794596,0.420085047893132,158.555044886388,820.293333333333,0.132326647378174,0.414930630127572,1040.84704265281,0.0309265065933594,0.0745341614906832
"132","kELlEr","medic",490.816666666667,24,0.0407484125097626,0.152671755725191,2.14503816793893,11.5053142721315,0,Inf,0.224116268803695,0.266902101938945,114.168902169853,Inf,0.100774502105789,0.431933172603484,1150.24211348433,0.0162993650039051,0.0377358490566038
"133","kl","medic",356.45,24,0.0168326553513817,0.0476190476190476,1.74603174603175,6.41324168887642,0,Inf,0.221629962126525,0.353485762379015,131.987656052742,Inf,0.0485897081641763,0.389956515640342,1004.44662645532,0.0308598681441997,0.079136690647482
"134","lock","medic",524.666666666667,24,0.0133418043202033,0.0507246376811594,1.91304347826087,5.80749682337992,0,Inf,0.16010165184244,0.263024142312579,108.141041931385,Inf,0.053702985653354,0.409783989834816,1092.00190597205,0.0247776365946633,0.0604651162790698
"135","munch","medic",348.966666666667,24,0.0458496513516095,0.117647058823529,1.75735294117647,16.9299837615818,0,Inf,0.180533002196962,0.389722036488681,153.76826822046,Inf,0.110100633619083,0.412646862164486,1098.79835705416,0.0200592224663292,0.0486111111111111
"136","T3","medic",229.366666666667,24,0.0217991570992588,0.0454545454545455,0.845454545454545,8.55834907716902,0,Inf,0.165673593954367,0.479581456183694,168.036622583927,Inf,0.0509314514036635,0.388024996366807,1047.06147362302,0.0130794942595553,0.0337078651685393
"137","weed liz","medic",280.216666666667,24,0.0428240052340451,0.136363636363636,1.68181818181818,13.2790102896568,0.267650032712782,49.6133333333333,0.164158686730506,0.314042705049664,128.140129661571,478.76,0.103628818893252,0.456789389163148,1022.3838696247,0.0142746684113484,0.03125
"138","xander","medic",214.1,24,0.0373657169546941,0.0683760683760684,0.837606837606838,22.1812237272303,0,Inf,0.135450723960766,0.546473610462401,174.446520317609,Inf,0.127151998714825,0.303596450256889,1041.546006539,0.0326950023353573,0.107692307692308
"139","arnold","medic",424.75,23,0.0541494997057092,0.188524590163934,2.01639344262295,20.8922895821071,0,Inf,0.202472042377869,0.287227781047675,130.964096527369,Inf,0.159526848472864,0.430841671571513,1164.94408475574,0.0188346085932902,0.0437158469945355
"140","blank","medic",244.466666666667,23,0.106353967821107,0.169934640522876,0.869281045751634,33.6896645759476,0,Inf,0.0859012817016635,0.625852195254977,194.370057267521,Inf,0.173327440705432,0.327242977911099,883.220616307608,0.0245432233433324,0.075
"141","Dave","medic",234.666666666667,23,0.0340909090909091,0.140350877192982,3.19298245614035,10.6576704545455,0,Inf,0.170454545454545,0.242897727272727,127.252840909091,Inf,0.0837519255240774,0.481534090909091,1143.14914772727,0.0213068181818182,0.0442477876106195
"142","frhank","medic",228.383333333333,23,0.0875720645114209,0.238095238095238,1.69047619047619,40.8348536816755,0,Inf,0.109465080639276,0.367802670947968,150.151061811282,Inf,0.271958474279715,0.389695687075823,959.864263300007,0.0131358096767131,0.0337078651685393
"143","Halfwrong","medic",409.683333333333,23,0.017086367519629,0.0451612903225806,1.10967741935484,8.26003824091778,0,Inf,0.178186404133274,0.378340995077499,138.248240510964,Inf,0.0597478724531233,0.402750091534112,1116.94316748708,0.0292909157479354,0.0727272727272727
"144","Mack","medic",198.483333333333,23,0.0100764127970443,0.0298507462686567,1.2089552238806,11.2251238559073,0.493744227055168,22.734693877551,0.125955159963053,0.337559828700982,130.968175329583,265.255102040816,0.0857087901519523,0.347636241498027,1054.84927365858,0.0503820639852213,0.144927536231884
"145","Mirimu","medic",140.366666666667,23,0.0213725955829969,0.0588235294117647,1.41176470588235,11.9045357397293,0,Inf,0.156732367608644,0.363334124910948,153.32700071242,Inf,0.0776414831335378,0.398955117549276,1091.46283543101,0.0213725955829969,0.0535714285714286
"146","ram","medic",136.65,23,0.0804976216611782,0.196428571428571,1.05357142857143,39.7950969630443,0,Inf,0.0731796560556165,0.409806073911453,149.374313940724,Inf,0.266411914560063,0.300036589828028,944.456641053787,0.021953896816685,0.0731707317073171
"147","Sean","medic",413.333333333333,23,0.0241935483870968,0.0689655172413793,1.23448275862069,8.74354838709677,0.159677419354839,54.7575757575758,0.176612903225806,0.350806451612903,127.570161290323,798.924242424242,0.0685391340628497,0.375,1048.71774193548,0.0193548387096774,0.0516129032258065
"148","Essence","medic",308,22,0.025974025974026,0.0597014925373134,1.08955223880597,12.5227272727273,0,Inf,0.194805194805195,0.435064935064935,146.769480519481,Inf,0.0853224200862736,0.376623376623377,1021.08766233766,0.0324675324675325,0.0862068965517241
"149","lock","medic",392.483333333333,22,0.0152872733449403,0.0555555555555556,1.90740740740741,8.9863688479341,0,Inf,0.168160006794344,0.275170920208926,119.434370886237,Inf,0.0752410615240208,0.410208501422566,1056.21555055416,0.0382181833623508,0.093167701863354
"150","Michael","medic",266.983333333333,22,0.0412010737249516,0.0990990990990991,1.13513513513514,16.8662213621325,0,Inf,0.157313190586179,0.41575628940633,145.994131968288,Inf,0.11552670737339,0.333354141956427,1025.1950808415,0.0337099694113241,0.101123595505618
"151","Rising","medic",180.666666666667,22,0.0276752767527675,0.0793650793650794,1.68253968253968,12.2380073800738,0,Inf,0.0940959409594096,0.348708487084871,135.094095940959,Inf,0.0905887655180891,0.448339483394834,1076.02029520295,0.044280442804428,0.0987654320987654
"152","Sean","medic",404.583333333333,22,0.00741503604531411,0.024,1.664,4.93347064881565,0,Inf,0.195262615859938,0.308959835221421,122.795468589083,Inf,0.0401763249532014,0.392996910401648,1101.87929969104,0.0296601441812564,0.0754716981132075
"153","SoLe","medic",365,22,0.0246575342465753,0.0703125,1.7578125,6.91232876712329,0,Inf,0.241095890410959,0.350684931506849,133.12602739726,Inf,0.0519231956535161,0.4,1107.78356164384,0.0273972602739726,0.0684931506849315
"154","xander","medic",351.75,22,0.0568585643212509,0.133333333333333,1.13333333333333,24.7789623312011,0.031272210376688,792.363636363636,0.147832267235252,0.426439232409382,148.537313432836,4749.81818181818,0.16681978257541,0.352523098791756,1048.56005685856,0.0369580668088131,0.104838709677419
"155","Ampersand","medic",404.1,16,0.044543429844098,0.113924050632911,1.82278481012658,21.1927740658253,-1.47689664288433,0.410349784379492,0.207869339272457,0.390992328631527,149.757485770849,2.89971250598946,0.141513954756515,0.814154912150458,1237.68117072689,0.0395941598614204,0.0486322188449848
"156","Dave","medic",266.433333333333,16,0.0450394094832979,0.130434782608696,2.05434782608696,22.4821719004129,-4.70516371757939,0.464341085271318,0.168897785562367,0.34530213937195,123.899662204429,2.55899224806202,0.181454666626276,0.442887526585763,980.434767330058,0.0225197047416489,0.0508474576271186
"157","Doge.exe has stopped working","medic",340.15,16,0.0176392767896516,0.0576923076923077,1.83653846153846,5.68572688519771,11.8047090711181,0.0875707493774055,0.217551080405703,0.305747464353961,131.709539908864,2.02857142857143,0.043168679270552,0.461561075995884,1022.13942773049,0.0352785535793032,0.0764331210191083
"158","Fozzlm","medic",220.566666666667,16,0.0408039897234396,0.087378640776699,0.805825242718447,11.36164424966,-0.213355570731231,0.214738646101114,0.136013299078132,0.466978993501587,150.965694423455,2.85329905741217,0.0752597753618836,0.38083723741877,1080.03188136824,0.0226688831796887,0.0595238095238095
"159","johno","medic",417.6,16,0.0454980842911877,0.131944444444444,1.5625,15.8405172413793,1.2069730035842,0.291563822284908,0.203544061302682,0.344827586206897,136.070402298851,2.5045398448519,0.116414128081939,0.428639846743295,975.628423668722,0.0383141762452107,0.0893854748603352
"160","obla","medic",311.266666666667,16,0.00963803812379525,0.0229007633587786,1.49618320610687,13.4354251445706,-3.94283304577208,0.273190488633394,0.205611479974299,0.420860998072392,163.470764617691,3.32394826234649,0.0821885502034078,0.414435639323196,1208.22699045676,0.0128507174983937,0.0310077519379845
"161","snazzy","medic",165.55,16,0.0181214134702507,0.0229007633587786,0.717557251908397,19.7523406825732,0.595381084855148,0.367704936466884,0.0966475385080036,0.79130172153428,212.437330111749,3.95468345890026,0.0929796127271176,0.930232558139535,905.301914939547,0.0604047115675023,0.0649350649350649
"162","Ampersand","medic",320.866666666667,15,0.0249324745480989,0.049079754601227,1.28834355828221,10.3158113442759,5.26739881909902,0.161707948605208,0.149594847288593,0.507999168917515,177.519218782464,2.78274463823343,0.0581109550561798,1.14066071057552,1056.4887247438,0.0716808643257843,0.0628415300546448
"163","athena","medic",187.85,15,0.0372637742879957,0.0538461538461538,0.715384615384615,13.2446100612191,-7.83075065087574,0.261262207287619,0.1224381155177,0.69204152249135,205.222251796646,4.04819909692324,0.0645378848797696,0.27681660899654,1063.75566674571,0.0159701889805696,0.0576923076923077
"164","Brutalix","medic",301.25,15,0.0531120331950207,0.137931034482759,1.44827586206897,22.7817427385892,7.14093616996325,0.346931553937923,0.209128630705394,0.3850622406639,146.804979253112,2.23561823880295,0.155183719615602,0.398340248962656,997.962579871639,0.0132780082987552,0.0333333333333333
"165","Dave","medic",499.633333333333,15,0.0800587097204617,0.239520958083832,1.86826347305389,25.2445126426046,-2.14811048638141,0.44777761999432,0.186136500100073,0.334245113082927,133.183668023217,2.36236154501562,0.18954660895962,0.422309693775435,939.377985858159,0.0280205484021616,0.0663507109004739
"166","Hawk","medic",484.6,15,0.0598431696244325,0.136792452830189,1.37264150943396,22.044985555097,0.777063668708848,0.37173776880785,0.163021048287247,0.437474205530334,149.523318200578,2.52136543948779,0.147435101229661,0.416838629797771,973.991743334511,0.0123813454395378,0.0297029702970297
"167","Hobbes","medic",278.833333333333,15,0.017931858936043,0.037037037037037,1.27407407407407,6.28690974297669,8.22768420378329,0.0941814860581314,0.236700537955768,0.484160191273162,168,2.51673561489282,0.0374220818034327,0.401673640167364,1052.84714086352,0.0286909742976689,0.0714285714285714
"168","Jersh","medic",569.25,15,0.0368906455862978,0.116022099447514,1.89502762430939,14.3908651734739,-6.88909023516689,0.278696332584881,0.147562582345191,0.317962231005709,121.085638998682,2.34496836088998,0.118848653667595,0.446201141853316,904.762039741855,0.0140535792709706,0.031496062992126
"169","Sean","medic",271.466666666667,15,0.0257858546168959,0.0416666666666667,0.994047619047619,10.0380648330059,-0.809343851884165,0.173921368394179,0.121561886051081,0.618860510805501,188.251473477407,3.26167985703344,0.0533226361928616,0.37205304518664,1478.75077737875,0.0147347740667976,0.0396039603960396
"170","Ampersand","medic",140.866666666667,14,0.0851869380028396,0.173913043478261,1.1304347826087,16.8386180785613,0.457104106032779,Inf,0.0709891150023663,0.489824893516327,140.68622811169,Inf,0.119689171460289,0.433033601514434,1010.89598406338,0.0141978230004733,0.0327868852459016
"171","Brutalix","medic",386.466666666667,14,0.0362256339485941,0.0972222222222222,1.77777777777778,8.40693462135587,0.457104106032779,Inf,0.243229256511989,0.372606520614111,149.298775228566,Inf,0.0563094681017002,0.419182335690875,1082.69630859438,0.0258754528204244,0.0617283950617284
"172","cubby","medic",373.55,14,0.0187391246151787,0.0542635658914729,1.81395348837209,5.43166912059965,0.457104106032779,Inf,0.19809931736046,0.345335296479722,136.731361263552,Inf,0.0397251155141358,0.460447061972962,1101.670366574,0.0240931602195155,0.0523255813953488
"173","Dramz","medic",149.2,14,0.00670241286863271,0.0144927536231884,1.11594202898551,4.21581769436997,0.457104106032779,Inf,0.140750670241287,0.462466487935657,143.820375335121,Inf,0.0293130767079877,0.39544235924933,1066.07743135317,0.00670241286863271,0.0169491525423729
"174","fear","medic",281.933333333333,14,0.0673918183967841,0.147286821705426,1.2093023255814,16.0889099077796,0.457104106032779,Inf,0.170253014897139,0.457554977536061,146.1302908489,Inf,0.110099759702905,0.372428470087491,1051.64074308367,0.0390163159139276,0.104761904761905
"175","shivy","medic",354.633333333333,14,0.0112792555691324,0.0239520958083832,1.02395209580838,4.10000939937964,0.516320197770724,69.2380952380952,0.140990694614155,0.470908920011279,151.13638499859,2552.28571428571,0.027127877905892,0.389134317135069,1037.97166023486,0.0169188833536987,0.0434782608695652
